Image,Method,Precision,Recall,F1,IoUCrack,IoUBackground,mIoU
20160222_080933.jpg,Otsu,0.0444005693558015,0.912264150943396,0.0846797145234029,0.0442117776152158,0.676237823103966,0.360224800359591
20160222_080933.jpg,CLAHE + Canny,0.266381766381766,0.176415094339623,0.212258796821793,0.118730158730159,0.9787601952593,0.548745176994729
20160222_080933.jpg,Sauvola raw,0.915194346289753,0.733018867924528,0.814038763750655,0.686395759717314,0.994518136475239,0.840456948096277
20160222_080933.jpg,Sauvola + morphology,0.966625463535229,0.737735849056604,0.83681112894596,0.719411223551058,0.995289866263088,0.857350544907073
20160222_081839.jpg,Otsu,0.0324727288042792,0.983418367346939,0.0628694907652791,0.0324549587472638,0.645101520883193,0.338778239815228
20160222_081839.jpg,CLAHE + Canny,0.0128,0.0102040816326531,0.0113555713271824,0.00571020699500357,0.978741911854474,0.492226059424739
20160222_081839.jpg,Sauvola raw,0.596656217345872,0.728316326530612,0.655944859276278,0.488034188034188,0.990779650581082,0.739406919307635
20160222_081839.jpg,Sauvola + morphology,0.790836653386454,0.506377551020408,0.617418351477449,0.446569178852643,0.992446921199282,0.719508050025963
20160222_114759.jpg,Otsu,0.0812051852636784,0.96031746031746,0.149747598111057,0.0809336055762867,0.587156253459209,0.334044929517748
20160222_114759.jpg,CLAHE + Canny,0.0320314695139084,0.0476190476190476,0.038300016798253,0.0195238910772393,0.912491210907646,0.466007550992443
20160222_114759.jpg,Sauvola raw,0.683259911894273,0.647869674185464,0.665094339622641,0.498233215547703,0.975588028444167,0.736910621995935
20160222_114759.jpg,Sauvola + morphology,0.775677896466721,0.394319131161236,0.522846856826364,0.353955755530559,0.973324869952935,0.663640312741747
20160222_115305.jpg,Otsu,0.0219708707778122,0.976584022038568,0.0429749060492181,0.0219593025056524,0.512888148456662,0.267423725481157
20160222_115305.jpg,CLAHE + Canny,0.0429090909090909,0.081267217630854,0.0561637315564017,0.0288932419196866,0.969714556256395,0.499303899088041
20160222_115305.jpg,Sauvola raw,0.426966292134831,0.732782369146005,0.539553752535497,0.369444444444444,0.986031628822842,0.677738036633643
20160222_115305.jpg,Sauvola + morphology,0.680776014109347,0.53168044077135,0.597061098221191,0.425578831312018,0.992003069838833,0.708790950575426
20160222_163940.jpg,Otsu,0.100829138288422,0.940283051432516,0.182128171697924,0.100187575857884,0.610504362223779,0.355345969040831
20160222_163940.jpg,CLAHE + Canny,0.0742599096838936,0.102174663444943,0.0860090077001308,0.0449369971155306,0.903571428571429,0.47425421284348
20160222_163940.jpg,Sauvola raw,0.486569455103607,0.437694166379013,0.460839542067963,0.299409681227863,0.953833945353831,0.626621813290847
20160222_163940.jpg,Sauvola + morphology,0.630230572160547,0.254746289264757,0.36283185840708,0.221621621621622,0.959998765393994,0.590810193507808
20160222_164000.jpg,Otsu,0.100929664061632,0.951466480446927,0.182500083715635,0.100412705431498,0.611326041616914,0.355869373524206
20160222_164000.jpg,CLAHE + Canny,0.0367990654205607,0.0659916201117318,0.04725,0.0241966457559851,0.883361133640412,0.453778889698199
20160222_164000.jpg,Sauvola raw,0.532097770615095,0.691689944134078,0.601487778958555,0.430091185410334,0.958697191409016,0.694394188409675
20160222_164000.jpg,Sauvola + morphology,0.626496716879104,0.566340782122905,0.594901888868513,0.423388149308275,0.965437932221422,0.694413040764849
20160222_164141.jpg,Otsu,0.170860655737705,0.91305300043802,0.287854726230753,0.168125176432633,0.663858425538156,0.415991800985394
20160222_164141.jpg,CLAHE + Canny,0.0897250361794501,0.0678931230836619,0.0772970951252961,0.0402023083906108,0.886532977646951,0.463367643018781
20160222_164141.jpg,Sauvola raw,0.690121317157712,0.43604905825668,0.534424909408133,0.364652014652015,0.945408765441813,0.655030390046914
20160222_164141.jpg,Sauvola + morphology,0.746776084407972,0.139509417433202,0.235098726702344,0.133207862818904,0.936131527450346,0.534669695134625
20160222_165951.jpg,Otsu,0.042112444568487,0.973476702508961,0.0807324178110695,0.0420641803989592,0.518121474648633,0.280092827523796
20160222_165951.jpg,CLAHE + Canny,0.0451388888888889,0.0559139784946237,0.0499519692603266,0.025615763546798,0.954673225579761,0.49014449456328
20160222_165951.jpg,Sauvola raw,0.792848335388409,0.460931899641577,0.582955575702629,0.411388355726168,0.985822816020218,0.698605585873193
20160222_165951.jpg,Sauvola + morphology,0.765182186234818,0.135483870967742,0.23020706455542,0.130075705437027,0.980657107441811,0.555366406439419
20160225_114514.jpg,Otsu,0.0682271944922547,0.849671334667048,0.126311764455963,0.0674134373370218,0.342614644438406,0.205014040887714
20160225_114514.jpg,CLAHE + Canny,0.238754325259516,0.177479279794227,0.203606557377049,0.113341850702683,0.925163675575753,0.519252763139218
20160225_114514.jpg,Sauvola raw,0.554302670623145,0.266933409545584,0.360339506172839,0.219764705882353,0.94867031980434,0.584217512843347
20160225_114514.jpg,Sauvola + morphology,0.664658634538153,0.18919691340383,0.294549499443826,0.172710670493086,0.951120633844067,0.561915652168577
20160225_114531.jpg,Otsu,0.0291394713697172,0.933283914010378,0.0565144203793065,0.0290788987435329,0.346002458110988,0.187540678427261
20160225_114531.jpg,CLAHE + Canny,0.0524220305242203,0.0585618977020015,0.0553221288515406,0.0284479654303205,0.95878210122676,0.49361503332854
20160225_114531.jpg,Sauvola raw,0.570747217806041,0.532246108228317,0.550824702723437,0.38009528851244,0.981934030670493,0.681014659591467
20160225_114531.jpg,Sauvola + morphology,0.63115845539281,0.351371386212009,0.451428571428571,0.291512915129151,0.982293812056193,0.636903363592672
20160225_114535.jpg,Otsu,0.0374341654660967,0.893965031020869,0.0718592736999592,0.0372686872487009,0.359759816109209,0.198514251678955
20160225_114535.jpg,CLAHE + Canny,0.119715175789942,0.151720248166949,0.133830845771144,0.0717142095441216,0.946649914964684,0.509182062254403
20160225_114535.jpg,Sauvola raw,0.550632911392405,0.441624365482233,0.490140845070423,0.324626865671642,0.97484286442327,0.649734865047456
20160225_114535.jpg,Sauvola + morphology,0.62037037037037,0.34010152284264,0.439344262295082,0.281512605042017,0.976298646296952,0.628905625669484
20160302_155919.jpg,Otsu,0.0176404461995215,0.9792,0.0346565490684637,0.0176338385293609,0.474862916640996,0.246248377585178
20160302_155919.jpg,CLAHE + Canny,0.0309112806101967,0.1232,0.0494223363286264,0.0253372820006581,0.954750301715578,0.490043791858118
20160302_155919.jpg,Sauvola raw,0.0687650107445329,0.8704,0.127460168697282,0.0680680680680681,0.885401280157558,0.476734674112813
20160302_155919.jpg,Sauvola + morphology,0.320652173913043,0.7552,0.450166905102527,0.290461538461538,0.982278986843723,0.636370262652631
20160302_155925.jpg,Otsu,0.0232949435757593,0.91353811149033,0.0454314002828854,0.023243696992503,0.478720281772821,0.250981989382662
20160302_155925.jpg,CLAHE + Canny,0.0460765149399609,0.187713310580205,0.0739910313901345,0.0384167636786962,0.936822138257025,0.487619450967861
20160302_155925.jpg,Sauvola raw,0.087874659400545,0.733788395904437,0.156953400657014,0.0851597570636388,0.893220939729701,0.48919034839667
20160302_155925.jpg,Sauvola + morphology,0.486772486772487,0.732650739476678,0.584922797456857,0.413350449293967,0.985915058867041,0.699632754080504
20160302_160033.jpg,Otsu,0.0504489603024575,0.853431045969354,0.0952664262075633,0.0500156176792129,0.621336860944674,0.335676239311943
20160302_160033.jpg,CLAHE + Canny,0.0293729994351346,0.103930712858095,0.0458015267175573,0.0234375,0.900581217497706,0.462009358748853
20160302_160033.jpg,Sauvola raw,0.198157968183087,0.473017988007995,0.279307631785995,0.162322816643804,0.943479468114645,0.552901142379225
20160302_160033.jpg,Sauvola + morphology,0.678646934460888,0.427714856762159,0.524724152022885,0.355678670360111,0.982078466422165,0.668878568391138
20160303_092627.jpg,Otsu,0.0122329742559796,0.99364406779661,0.0241684058643168,0.0122320171091753,0.417938432692455,0.215085224900815
20160303_092627.jpg,CLAHE + Canny,0.00924832743014561,0.0995762711864407,0.0169247389268995,0.0085345923370256,0.916627219838446,0.462580906087736
20160303_092627.jpg,Sauvola raw,0.106490066225166,0.851694915254237,0.18931010124794,0.104551365409623,0.947139742684312,0.525845554046968
20160303_092627.jpg,Sauvola + morphology,0.416091954022988,0.766949152542373,0.539493293591654,0.369387755102041,0.990517691103814,0.679952723102928
20160303_092806.jpg,Otsu,0.0156109926118273,0.954631379962193,0.0307196301478192,0.015599419269144,0.509956789838692,0.262778104553918
20160303_092806.jpg,CLAHE + Canny,0.0455729166666667,0.132325141776938,0.0677966101694915,0.0350877192982456,0.970595423578651,0.502841571438449
20160303_092806.jpg,Sauvola raw,0.302795031055901,0.737240075614367,0.429279031370391,0.273300630693763,0.984081908328984,0.628691269511374
20160303_092806.jpg,Sauvola + morphology,0.316780821917808,0.349716446124764,0.332434860736748,0.199353448275862,0.988630625392113,0.593992036833988
20160303_092839.jpg,Otsu,0.0297451709440464,0.839590443686007,0.0574548214754912,0.0295770837716793,0.4998605775189,0.264718830645289
20160303_092839.jpg,CLAHE + Canny,0.194583751253761,0.165529010238908,0.178884278469341,0.0982278481012658,0.972743411588259,0.535485629844762
20160303_092839.jpg,Sauvola raw,0.496725912067353,0.453071672354949,0.473895582329317,0.310526315789474,0.981862933620491,0.646194624704982
20160303_092839.jpg,Sauvola + morphology,0.728301886792453,0.329351535836177,0.45358401880141,0.293313069908815,0.985725249424405,0.63951915966661
20160303_093353.jpg,Otsu,0.0445390627188437,0.918013856812933,0.0849563196281157,0.0443626014899138,0.464376192412348,0.254369396951131
20160303_093353.jpg,CLAHE + Canny,0.0666897028334485,0.111431870669746,0.0834414180717683,0.0435371080532371,0.935111641644859,0.489324374849048
20160303_093353.jpg,Sauvola raw,0.711316397228637,0.355658198614319,0.474210931485758,0.31079717457114,0.978958718422674,0.644877946496907
20160303_093353.jpg,Sauvola + morphology,0.83248730964467,0.284064665127021,0.423590185105467,0.268705625341344,0.979413935182338,0.624059780261841
20160303_093400.jpg,Otsu,0.0294573284931443,0.881051175656985,0.0570086139389193,0.0293406416250202,0.344138059817622,0.186739350721321
20160303_093400.jpg,CLAHE + Canny,0.0876182640888523,0.147302904564315,0.109878772246582,0.0581331877729258,0.947170215697381,0.502651701735153
20160303_093400.jpg,Sauvola raw,0.582600195503421,0.412171507607192,0.482786553260429,0.318206086492258,0.980335694487219,0.649270890489739
20160303_093400.jpg,Sauvola + morphology,0.678378378378378,0.34716459197787,0.459286367795059,0.298099762470309,0.981824891595166,0.639962327032737
20160303_093527.jpg,Otsu,0.0525069209474008,0.91283422459893,0.0993019197207679,0.0522449729134147,0.514860016606872,0.283552494760143
20160303_093527.jpg,CLAHE + Canny,0.0745078494891602,0.159893048128342,0.101648818629951,0.0535458452722063,0.918987691034229,0.486266768153218
20160303_093527.jpg,Sauvola raw,0.188739700945987,0.661497326203209,0.293684710351377,0.172116321135383,0.907463568640259,0.539789944887821
20160303_093527.jpg,Sauvola + morphology,0.674511767651477,0.720320855614973,0.6966640806827,0.53452380952381,0.981725840876163,0.758124825199986
